{
  "Response": {
    "response": {
      "data": {
        "Appetizer": [],
        "Desserts": [
          {
            "category_id": 22,
            "description": "",
            "end_date": "<null>",
            "end_time": "<null>",
            "mealtime_id": 0,
            "mealtime_name": "<null>",
            "mealtime_status": "<null>",
            "menu_category_id": 22,
            "menu_description": "dada",
            "menu_id": 91,
            "menu_name": "krishna b",
            "menu_photo": "",
            "menu_price": "2000.0000",
            "menu_priority": 0,
            "menu_status": 1,
            "minimum_qty": 1,
            "name": "Desserts",
            "special_id": "<null>",
            "special_price": "<null>",
            "special_status": "<null>",
            "start_date": "<null>",
            "start_time": "<null>",
            "stock_qty": 0,
            "subtract_stock": 0
          }
        ],
        "Drinks": [],
        "Main Course": [
          {
            "category_id": 16,
            "description": "",
            "end_date": "0000-00-00",
            "end_time": "<null>",
            "mealtime_id": 0,
            "mealtime_name": "<null>",
            "mealtime_status": "<null>",
            "menu_category_id": 16,
            "menu_description": "Small pieces of beef, goat, stipe, and tendon saut in crushed green Jamaican pepper.",
            "menu_id": 78,
            "menu_name": "ATA RICE",
            "menu_photo": "data/3.jpeg",
            "menu_price": "12.0000",
            "menu_priority": 0,
            "menu_status": 1,
            "minimum_qty": 1,
            "name": "Main Course",
            "special_id": 59,
            "special_price": "0.0000",
            "special_status": 0,
            "start_date": "0000-00-00",
            "start_time": "<null>",
            "stock_qty": 1000,
            "subtract_stock": 0
          },
          {
            "category_id": 16,
            "description": "",
            "end_date": "0000-00-00",
            "end_time": "<null>",
            "mealtime_id": 0,
            "mealtime_name": "<null>",
            "mealtime_status": "<null>",
            "menu_category_id": 16,
            "menu_description": "[plantains] w/chicken, fish, beef or goat",
            "menu_id": 79,
            "menu_name": "RICE AND DODO",
            "menu_photo": "data/1.jpeg",
            "menu_price": "11.9900",
            "menu_priority": 0,
            "menu_status": 1,
            "minimum_qty": 1,
            "name": "Main Course",
            "special_id": 60,
            "special_price": "0.0000",
            "special_status": 0,
            "start_date": "0000-00-00",
            "start_time": "<null>",
            "stock_qty": 655,
            "subtract_stock": 1
          },
          {
            "category_id": 16,
            "description": "",
            "end_date": "<null>",
            "end_time": "<null>",
            "mealtime_id": 0,
            "mealtime_name": "<null>",
            "mealtime_status": "<null>",
            "menu_category_id": 16,
            "menu_description": "dada",
            "menu_id": 89,
            "menu_name": "demo2",
            "menu_photo": "",
            "menu_price": "300.0000",
            "menu_priority": 0,
            "menu_status": 1,
            "minimum_qty": 1,
            "name": "Main Course",
            "special_id": "<null>",
            "special_price": "<null>",
            "special_status": "<null>",
            "start_date": "<null>",
            "start_time": "<null>",
            "stock_qty": 0,
            "subtract_stock": 0
          },
          {
            "category_id": 16,
            "description": "",
            "end_date": "<null>",
            "end_time": "<null>",
            "mealtime_id": 0,
            "mealtime_name": "<null>",
            "mealtime_status": "<null>",
            "menu_category_id": 16,
            "menu_description": "demo",
            "menu_id": 90,
            "menu_name": "demo123",
            "menu_photo": "",
            "menu_price": "500.0000",
            "menu_priority": 0,
            "menu_status": 1,
            "minimum_qty": 1,
            "name": "Main Course",
            "special_id": "<null>",
            "special_price": "<null>",
            "special_status": "<null>",
            "start_date": "<null>",
            "start_time": "<null>",
            "stock_qty": 0,
            "subtract_stock": 0
          }
        ],
        "Rice Dishes": [],
        "Salads": [],
        "Seafoods": [],
        "Soups": [],
        "Specials": [],
        "Traditional": [],
        "Vegetarian": [],
        "popular": [
          {
            "menu_description": "Small pieces of beef, goat, stipe, and tendon saut in crushed green Jamaican pepper.",
            "menu_id": 78,
            "menu_name": "ATA RICE",
            "menu_photo": "http://192.168.1.141/TastyIgniter-master/admin/../assets/images/data/3.jpeg",
            "menu_price": "12.0000"
          },
          {
            "menu_description": "[plantains] w/chicken, fish, beef or goat",
            "menu_id": 79,
            "menu_name": "RICE AND DODO",
            "menu_photo": "http://192.168.1.141/TastyIgniter-master/admin/../assets/images/data/1.jpeg",
            "menu_price": "11.9900"
          },
          {
            "menu_description": "dada",
            "menu_id": 89,
            "menu_name": "demo2",
            "menu_photo": "http://192.168.1.141/TastyIgniter-master/admin/../assets/images",
            "menu_price": "300.0000"
          },
          {
            "menu_description": "demo",
            "menu_id": 90,
            "menu_name": "demo123",
            "menu_photo": "http://192.168.1.141/TastyIgniter-master/admin/../assets/images",
            "menu_price": "500.0000"
          },
          {
            "menu_description": "dada",
            "menu_id": 91,
            "menu_name": "krishna b",
            "menu_photo": "http://192.168.1.141/TastyIgniter-master/admin/../assets/images",
            "menu_price": "2000.0000"
          }
        ]
      }
    },
    "error": [],
    "status": "Success"
  }
}